{"train_metrics": {"mse": 168783032.59110764, "rmse": 12991.652419577258, "mae": 8349.93669901508, "r2": 0.8257440426424296}, "test_metrics": {"mse": 193694722.4914358, "rmse": 13917.425138704206, "mae": 8818.689027581311, "r2": 0.7697201227856678}, "training_time": 1.0034351348876953, "prediction_time": 0.0029098987579345703}