{"train_metrics": {"mse": 66664915.4261181, "rmse": 8164.858567428961, "mae": 5448.204018699637, "r2": 0.9311734213954886}, "test_metrics": {"mse": 174660311.99038452, "rmse": 13215.91131895128, "mae": 7760.551597008835, "r2": 0.792349762130762}, "training_time": 14.036204099655151, "prediction_time": 0.0063381195068359375, "best_params": {"regressor__learning_rate": 0.1, "regressor__max_depth": 5, "regressor__n_estimators": 200}}