{"train_metrics": {"mse": 192191784.80146864, "rmse": 13863.325171165417, "mae": 8884.102842673929, "r2": 0.7803454481289942}, "test_metrics": {"mse": 227323279.67444366, "rmse": 15077.24376915236, "mae": 9177.843421678379, "r2": 0.7385968439176823}, "training_time": 5.573292016983032, "best_params": {"regressor__learning_rate": 0.1, "regressor__max_depth": 3, "regressor__n_estimators": 100}}