{"train_metrics": {"mse": 434612757.31824154, "rmse": 20847.368114902216, "mae": 13281.582393921088, "r2": 0.5032843336942097}, "test_metrics": {"mse": 415076284.0751877, "rmse": 20373.421020417452, "mae": 13038.105588973922, "r2": 0.5226962639833281}, "training_time": 0.0035347938537597656}