{"train_metrics": {"mse": 518793665.3863305, "rmse": 22777.04250745321, "mae": 14637.998718357881, "r2": 0.4643840352605386}, "test_metrics": {"mse": 445086978.20442134, "rmse": 21097.0845901613, "mae": 14326.372073442099, "r2": 0.47084477381595113}, "training_time": 0.011445045471191406, "prediction_time": 0.001489877700805664}