{"train_metrics": {"mse": 116546445.67040688, "rmse": 10795.66791219547, "mae": 7015.981814740799, "r2": 0.8667999398499986}, "test_metrics": {"mse": 203564099.0904917, "rmse": 14267.589112758038, "mae": 8574.837059011914, "r2": 0.7659179559457567}, "training_time": 0.2153480052947998, "prediction_time": 0.014613151550292969}