{"train_metrics": {"mse": 89544684.95856792, "rmse": 9462.805342950256, "mae": 6054.6335992335435, "r2": 0.9075517570445681}, "test_metrics": {"mse": 184120143.09125042, "rmse": 13569.08777668014, "mae": 8169.500502918424, "r2": 0.7811031534655618}, "training_time": 0.5009720325469971, "prediction_time": 0.015496015548706055}