{"train_metrics": {"mse": 107293468.71631666, "rmse": 10358.256065396175, "mae": 5761.060506552418, "r2": 0.8773750979319266}, "test_metrics": {"mse": 201700334.41003883, "rmse": 14202.124292162734, "mae": 8230.10198252601, "r2": 0.7680611327042606}, "training_time": 7.049952983856201, "best_params": {"regressor__max_depth": 20, "regressor__min_samples_leaf": 2, "regressor__n_estimators": 100}}