{"train_metrics": {"mse": 49599318.10936004, "rmse": 7042.6783335148875, "mae": 3574.780646230261, "r2": 0.9487923843484456}, "test_metrics": {"mse": 163816104.33603027, "rmse": 12799.066541589284, "mae": 7239.9706845244455, "r2": 0.8052422290757084}, "training_time": 16.26883888244629, "prediction_time": 0.02767181396484375, "best_params": {"regressor__max_depth": 20, "regressor__min_samples_leaf": 2, "regressor__n_estimators": 200}}