{"train_metrics": {"mse": 151144295.35297897, "rmse": 12294.075620109834, "mae": 7979.6756993047575, "r2": 0.8272583164888542}, "test_metrics": {"mse": 217448512.92197454, "rmse": 14746.135525010426, "mae": 8733.028500178467, "r2": 0.7499520170366383}, "training_time": 0.130598783493042, "prediction_time": 0.002763032913208008}