{"train_metrics": {"mse": 169593376.28300077, "rmse": 13022.802167083733, "mae": 8459.396526285745, "r2": 0.8061730000259161}, "test_metrics": {"mse": 219029118.05086637, "rmse": 14799.632362017184, "mae": 8938.402475391567, "r2": 0.7481344505744443}, "training_time": 3.623569965362549, "prediction_time": 0.0021228790283203125, "best_params": {"regressor__learning_rate": 0.05, "regressor__max_depth": 5, "regressor__n_estimators": 100}}