{"train_metrics": {"mse": 71274793.41897386, "rmse": 8442.440015716656, "mae": 5520.77671837799, "r2": 0.9264140644233175}, "test_metrics": {"mse": 164496372.42879042, "rmse": 12825.613920151753, "mae": 7571.263868395165, "r2": 0.8044334716100497}, "training_time": 4.515548944473267, "prediction_time": 0.003255128860473633, "best_params": {"regressor__learning_rate": 0.1, "regressor__max_depth": 5, "regressor__n_estimators": 200}}