{"train_metrics": {"mse": 103223489.6783209, "rmse": 10159.896145055858, "mae": 6591.142756213815, "r2": 0.8934294061461676}, "test_metrics": {"mse": 169911589.67732406, "rmse": 13035.01398838237, "mae": 7959.820767158735, "r2": 0.797995425456591}, "training_time": 0.09397101402282715, "prediction_time": 0.0022058486938476562}